version,scaling,frac,n_train,n_test,k,p,threads,workers,accuracy,t_total,t_compute,t_comm,flops
hybrid,weak,0.5,718,180,3,1,2,2,0.9666666666666667,0.3877529999999999,0.38715199999999994,0.0002789999999999182,24943320.0
hybrid,weak,1.0,1437,360,3,2,2,4,0.9861111111111112,0.708621,0.70551,0.0036960000000001436,99842760.0
hybrid,weak,1.0,1437,360,3,4,2,8,0.9861111111111112,0.5099670000000001,0.507229,0.03424499999999986,99842760.0
